"X","a1","d","g","u"
"X1",0,0,0,1
"X2",1.0,-3.6611581873099777,0.0,1
"X3",0,0,0,1
"X4",0,0,0,1
"X5",0,0,0,1
"X6",0,0,0,1
"X7",1.0,-0.9043806155569224,0.0,1
"X8",0,0,0,1
"X9",1.0,-3.3431441748572746,0.0,1
"X10",1.0,8.29894493036975e-06,0.0,1
"X11",0,0,0,1
"X12",0,0,0,1
"X13",0,0,0,1
"X14",1.0,-0.6993002955764988,0.0,1
"X15",0,0,0,1
"X16",0,0,0,1
"X17",0,0,0,1
"X18",0,0,0,1
"X19",0,0,0,1
"X20",0,0,0,1
"X21",1.0,-3.3431441748572746,0.0,1
"X22",0,0,0,1
"X23",1.0,-3.09026295835069,0.0,1
"X24",1.0,-2.533113746612221,0.0,1
"X25",0,0,0,1
"X26",1.0,-1.705936876318468,0.0,1
"X27",1.0,-2.129311739126499,0.0,1
"X28",1.0,-3.6611581873099777,0.0,1
"X29",0,0,0,1
"X30",0,0,0,1
"X31",1.0,4.823432817144997,0.0,1
"X32",0,0,0,1
"X33",1.0,-0.5674731624921363,0.0,1
"X34",0,0,0,1
"X35",1.0,-2.386784806485429,0.0,1
"X36",1.0,-3.6611581873099777,0.0,1
"X37",1.0,-0.3749037795887351,0.0,1
"X38",1.0,-0.8348673594633678,0.0,1
"X39",1.0,-4.097664300425352,0.0,1
"X40",0,0,0,1
"X41",0,0,0,1
"X42",1.0,-3.09026295835069,0.0,1
"X43",0,0,0,1
"X44",1.0,-2.386784806485429,0.0,1
"X45",0,0,0,1
"X46",0,0,0,1
"X47",0,0,0,1
"X48",0,0,0,1
"X49",1.0,4.823432817144997,0.0,1
"X50",0,0,0,1
"X51",0,0,0,1
"X52",1.0,1.0475118046956131,0.0,1
"X53",1.0,-3.3431441748572746,0.0,1
"X54",0,0,0,1
"X55",1.0,-3.3431441748572746,0.0,1
"X56",1.0,-2.386784806485429,0.0,1
"X57",0,0,0,1
"X58",0,0,0,1
"X59",0,0,0,1
"X60",1.0,0.1242155454010714,0.0,1
"X61",0,0,0,1
"X62",0,0,0,1
"X63",0,0,0,1
"X64",1.0,4.097946616206407,0.0,1
"X65",0,0,0,1
"X66",0,0,0,1
"X67",0,0,0,1
"X68",0,0,0,1
"X69",0,0,0,1
"X70",0,0,0,1
"X71",0,0,0,1
"X72",0,0,0,1
"X73",0,0,0,1
"X74",0,0,0,1
"X75",1.0,-3.09026295835069,0.0,1
"X76",1.0,3.343292564126404,0.0,1
"X77",0,0,0,1
"X78",0,0,0,1
"X79",0,0,0,1
"X80",0,0,0,1
"X81",1.0,-3.6611581873099777,0.0,1
"X82",0,0,0,1
"X83",0,0,0,1
"X84",0,0,0,1
"X85",0,0,0,1
"X86",0,0,0,1
"X87",1.0,-2.129311739126499,0.0,1
"X88",1.0,-3.6611581873099777,0.0,1
"X89",0,0,0,1
"X90",1.0,-4.097664300425352,0.0,1
"X91",0,0,0,1
"X92",1.0,-1.2751015699768815,0.0,1
"X93",0,0,0,1
"X94",0,0,0,1
"X95",0,0,0,1
"X96",1.0,-0.1864424038267554,0.0,1
"X97",1.0,-1.705936876318468,0.0,1
"X98",1.0,-4.822885361732279,0.0,1
"X99",1.0,2.533195145054669,0.0,1
"X100",0,0,0,1
"X101",1.0,-0.3117416214186919,0.0,1
"X102",1.0,2.014063539505137,0.0,1
"X103",1.0,-0.0620510936195255,0.0,1
"X104",1.0,1.7059872409890338,0.0,1
"X105",0,0,0,1
"X106",0,0,0,1
"X107",0,0,0,1
"X108",1.0,-1.2751015699768815,0.0,1
"X109",0,0,0,1
"X110",0,0,0,1
"X111",0,0,0,1
"X112",0,0,0,1
"X113",0,0,0,1
"X114",0,0,0,1
"X115",0,0,0,1
"X116",0,0,0,1
"X117",0,0,0,1
"X118",0,0,0,1
"X119",1.0,1.121483247524807,0.0,1
"X120",1.0,-0.3749037795887351,0.0,1
"X121",0,0,0,1
"X122",0,0,0,1
"X123",1.0,-0.438514051900237,0.0,1
"X124",0,0,0,1
"X125",1.0,-1.9056621071661968,0.0,1
"X126",0,0,0,1
"X127",0,0,0,1
"X128",0,0,0,1
"X129",0,0,0,1
"X130",0,0,0,1
"X131",0,0,0,1
"X132",0,0,0,1
"X133",0,0,0,1
"X134",1.0,-4.822885361732279,0.0,1
"X135",1.0,1.6130382004201371,0.0,1
"X136",1.0,-1.2751015699768815,0.0,1
"X137",1.0,-2.878580263701729,0.0,1
"X138",0,0,0,1
"X139",0,0,0,1
"X140",0,0,0,1
"X141",0,0,0,1
"X142",1.0,-3.6611581873099777,0.0,1
"X143",0,0,0,1
"X144",0,0,0,1
"X145",0,0,0,1
"X146",0,0,0,1
"X147",0,0,0,1
"X148",1.0,3.661351092347876,0.0,1
"X149",0,0,0,1
"X150",0,0,0,1
"X151",1.0,3.343292564126404,0.0,1
"X152",0,0,0,1
"X153",1.0,-4.822885361732279,0.0,1
"X154",0,0,0,1
"X155",0,0,0,1
"X156",1.0,-4.822885361732279,0.0,1
"X157",0,0,0,1
"X158",1.0,-2.878580263701729,0.0,1
"X159",0,0,0,1
"X160",0,0,0,1
"X161",1.0,-1.12144358506162,0.0,1
"X162",0,0,0,1
"X163",1.0,-4.822885361732279,0.0,1
"X164",0,0,0,1
"X165",0,0,0,1
"X166",0,0,0,1
"X167",0,0,0,1
"X168",1.0,0.1242155454010714,0.0,1
"X169",0,0,0,1
"X170",1.0,1.121483247524807,0.0,1
"X171",1.0,-1.2751015699768815,0.0,1
"X172",0,0,0,1
"X173",0,0,0,1
"X174",1.0,-0.3749037795887351,0.0,1
"X175",1.0,3.661351092347876,0.0,1
"X176",1.0,-4.097664300425352,0.0,1
"X177",1.0,1.355339352261043,0.0,1
"X178",1.0,-4.097664300425352,0.0,1
"X179",0,0,0,1
"X180",0,0,0,1
"X181",0,0,0,1
"X182",0,0,0,1
"X183",0,0,0,1
"X184",0,0,0,1
"X185",0,0,0,1
"X186",0,0,0,1
"X187",0,0,0,1
"X188",0,0,0,1
"X189",0,0,0,1
"X190",1.0,0.7665963397712879,0.0,1
"X191",1.0,-0.0620510936195255,0.0,1
"X192",0,0,0,1
"X193",1.0,-0.6993002955764988,0.0,1
"X194",1.0,-1.4381239910015204,0.0,1
"X195",0,0,0,1
"X196",0,0,0,1
"X197",1.0,0.7665963397712879,0.0,1
"X198",0,0,0,1
"X199",1.0,-3.6611581873099777,0.0,1
"X200",0,0,0,1
"X201",0,0,0,1
"X202",0,0,0,1
"X203",0,0,0,1
"X204",0,0,0,1
"X205",1.0,-3.3431441748572746,0.0,1
"X206",1.0,-4.097664300425352,0.0,1
"X207",1.0,1.2751434360598737,0.0,1
"X208",1.0,-4.097664300425352,0.0,1
"X209",0,0,0,1
"X210",1.0,0.6330063436479828,0.0,1
"X211",0,0,0,1
"X212",0,0,0,1
"X213",1.0,0.5027327569714706,0.0,1
"X214",1.0,-1.3552961800101198,0.0,1
"X215",1.0,8.29894493036975e-06,0.0,1
"X216",0,0,0,1
"X217",1.0,1.197275159347542,0.0,1
"X218",1.0,-0.6993002955764988,0.0,1
"X219",0,0,0,1
"X220",1.0,-1.12144358506162,0.0,1
"X221",0,0,0,1
"X222",0,0,0,1
"X223",0,0,0,1
"X224",1.0,-2.695430740933287,0.0,1
"X225",0,0,0,1
"X226",0,0,0,1
"X227",0,0,0,1
"X228",1.0,-0.1864424038267554,0.0,1
"X229",1.0,-4.097664300425352,0.0,1
"X230",1.0,1.4381686382884122,0.0,1
"X231",1.0,1.7059872409890338,0.0,1
"X232",0,0,0,1
"X233",0,0,0,1
"X234",1.0,-1.12144358506162,0.0,1
"X235",1.0,-2.695430740933287,0.0,1
"X236",0,0,0,1
"X237",0,0,0,1
"X238",0,0,0,1
"X239",1.0,-2.695430740933287,0.0,1
"X240",0,0,0,1
"X241",1.0,-4.822885361732279,0.0,1
"X242",0,0,0,1
"X243",1.0,-4.822885361732279,0.0,1
"X244",1.0,0.6993356893334908,0.0,1
"X245",1.0,-2.129311739126499,0.0,1
"X246",0,0,0,1
"X247",0,0,0,1
"X248",1.0,8.29894493036975e-06,0.0,1
"X249",0,0,0,1
"X250",0,0,0,1
"X251",0,0,0,1
"X252",0,0,0,1
"X253",0,0,0,1
"X254",0,0,0,1
"X255",0,0,0,1
"X256",0,0,0,1
"X257",1.0,1.6130382004201371,0.0,1
"X258",1.0,-3.6611581873099777,0.0,1
"X259",0,0,0,1
"X260",0,0,0,1
"X261",1.0,-4.822885361732279,0.0,1
"X262",1.0,1.197275159347542,0.0,1
"X263",1.0,0.6330063436479828,0.0,1
"X264",0,0,0,1
"X265",0,0,0,1
"X266",1.0,3.661351092347876,0.0,1
"X267",0,0,0,1
"X268",1.0,-4.822885361732279,0.0,1
"X269",0,0,0,1
"X270",0,0,0,1
"X271",0,0,0,1
"X272",0,0,0,1
"X273",0,0,0,1
"X274",0,0,0,1
"X275",1.0,-4.097664300425352,0.0,1
"X276",0,0,0,1
"X277",1.0,1.6130382004201371,0.0,1
"X278",0,0,0,1
"X279",1.0,2.533195145054669,0.0,1
"X280",1.0,-2.695430740933287,0.0,1
"X281",0,0,0,1
"X282",0,0,0,1
"X283",1.0,-1.6129899942528971,0.0,1
"X284",1.0,-0.9751988264163218,0.0,1
"X285",0,0,0,1
"X286",1.0,1.8033135919734264,0.0,1
"X287",0,0,0,1
"X288",1.0,-4.097664300425352,0.0,1
"X289",0,0,0,1
"X290",1.0,-4.097664300425352,0.0,1
"X291",0,0,0,1
"X292",1.0,-2.878580263701729,0.0,1
"X293",1.0,-1.8032607262031888,0.0,1
"X294",0,0,0,1
"X295",0,0,0,1
"X296",0,0,0,1
"X297",1.0,1.8033135919734264,0.0,1
"X298",0,0,0,1
"X299",0,0,0,1
"X300",1.0,1.0475118046956131,0.0,1
"X301",0,0,0,1
"X302",1.0,-0.6993002955764988,0.0,1
"X303",0,0,0,1
"X304",0,0,0,1
"X305",1.0,-3.09026295835069,0.0,1
"X306",0,0,0,1
"X307",0,0,0,1
"X308",0,0,0,1
"X309",0,0,0,1
"X310",1.0,1.121483247524807,0.0,1
"X311",0,0,0,1
"X312",0,0,0,1
"X313",1.0,-1.6129899942528971,0.0,1
"X314",1.0,-4.097664300425352,0.0,1
"X315",1.0,0.3117749943138496,0.0,1
"X316",0,0,0,1
"X317",1.0,-0.1864424038267554,0.0,1
"X318",0,0,0,1
"X319",1.0,-3.3431441748572746,0.0,1
"X320",1.0,-1.4381239910015204,0.0,1
"X321",0,0,0,1
"X322",1.0,-4.822885361732279,0.0,1
"X323",0,0,0,1
"X324",0,0,0,1
"X325",0,0,0,1
"X326",0,0,0,1
"X327",0,0,0,1
"X328",0,0,0,1
"X329",1.0,0.7665963397712879,0.0,1
"X330",1.0,0.1864754769126719,0.0,1
"X331",0,0,0,1
"X332",1.0,-1.705936876318468,0.0,1
"X333",0,0,0,1
"X334",1.0,-4.097664300425352,0.0,1
"X335",1.0,2.6955217695848543,0.0,1
"X336",0,0,0,1
"X337",0,0,0,1
"X338",0,0,0,1
"X339",1.0,-2.129311739126499,0.0,1
"X340",0,0,0,1
"X341",0,0,0,1
"X342",0,0,0,1
"X343",0,0,0,1
"X344",1.0,-0.3749037795887351,0.0,1
"X345",1.0,0.4385479048207877,0.0,1
"X346",1.0,-4.097664300425352,0.0,1
"X347",1.0,-2.252970841642405,0.0,1
"X348",0,0,0,1
"X349",1.0,-1.1972344577078573,0.0,1
"X350",0,0,0,1
"X351",1.0,-2.695430740933287,0.0,1
"X352",0,0,0,1
"X353",0,0,0,1
"X354",1.0,2.386858915727037,0.0,1
"X355",1.0,1.2751434360598737,0.0,1
"X356",0,0,0,1
"X357",1.0,-0.1864424038267554,0.0,1
"X358",1.0,-4.822885361732279,0.0,1
"X359",0,0,0,1
"X360",1.0,2.87868404016227,0.0,1
"X361",1.0,4.823432817144997,0.0,1
"X362",0,0,0,1
"X363",0,0,0,1
"X364",0,0,0,1
"X365",0,0,0,1
"X366",1.0,-4.822885361732279,0.0,1
"X367",1.0,-3.6611581873099777,0.0,1
"X368",0,0,0,1
"X369",1.0,1.9057178701716293,0.0,1
"X370",0,0,0,1
"X371",0,0,0,1
"X372",0,0,0,1
"X373",1.0,-3.6611581873099777,0.0,1
"X374",0,0,0,1
"X375",1.0,-0.6329714140779115,0.0,1
"X376",0,0,0,1
"X377",0,0,0,1
"X378",1.0,-0.1241825759046634,0.0,1
"X379",1.0,-2.878580263701729,0.0,1
"X380",0,0,0,1
"X381",1.0,-4.822885361732279,0.0,1
"X382",0,0,0,1
"X383",1.0,-1.12144358506162,0.0,1
"X384",0,0,0,1
"X385",0,0,0,1
"X386",1.0,-4.097664300425352,0.0,1
"X387",1.0,0.5027327569714706,0.0,1
"X388",1.0,1.197275159347542,0.0,1
"X389",1.0,3.661351092347876,0.0,1
"X390",1.0,1.355339352261043,0.0,1
"X391",0,0,0,1
"X392",1.0,-0.9043806155569224,0.0,1
"X393",1.0,-3.6611581873099777,0.0,1
"X394",0,0,0,1
"X395",0,0,0,1
"X396",0,0,0,1
"X397",0,0,0,1
"X398",0,0,0,1
"X399",0,0,0,1
"X400",0,0,0,1
"X401",0,0,0,1
"X402",1.0,0.5027327569714706,0.0,1
"X403",0,0,0,1
"X404",0,0,0,1
"X405",0,0,0,1
"X406",1.0,-3.6611581873099777,0.0,1
"X407",0,0,0,1
"X408",1.0,0.062084012080845,0.0,1
"X409",0,0,0,1
"X410",1.0,1.2751434360598737,0.0,1
"X411",0,0,0,1
"X412",0,0,0,1
"X413",1.0,-0.3749037795887351,0.0,1
"X414",0,0,0,1
"X415",1.0,-1.4381239910015204,0.0,1
"X416",0,0,0,1
"X417",0,0,0,1
"X418",0,0,0,1
"X419",0,0,0,1
"X420",1.0,-3.3431441748572746,0.0,1
"X421",0,0,0,1
"X422",1.0,-2.014004369083428,0.0,1
"X423",1.0,1.2751434360598737,0.0,1
"X424",1.0,1.5239070513549564,0.0,1
"X425",0,0,0,1
"X426",0,0,0,1
"X427",1.0,-2.533113746612221,0.0,1
"X428",0,0,0,1
"X429",0,0,0,1
"X430",0,0,0,1
"X431",1.0,-1.3552961800101198,0.0,1
"X432",1.0,-0.8348673594633678,0.0,1
"X433",1.0,1.9057178701716293,0.0,1
"X434",1.0,0.1242155454010714,0.0,1
"X435",0,0,0,1
"X436",0,0,0,1
"X437",0,0,0,1
"X438",1.0,-1.12144358506162,0.0,1
"X439",1.0,-2.129311739126499,0.0,1
"X440",0,0,0,1
"X441",1.0,-2.695430740933287,0.0,1
"X442",1.0,-4.097664300425352,0.0,1
"X443",1.0,2.87868404016227,0.0,1
"X444",0,0,0,1
"X445",0,0,0,1
"X446",0,0,0,1
"X447",0,0,0,1
"X448",0,0,0,1
"X449",1.0,-2.129311739126499,0.0,1
"X450",0,0,0,1
"X451",0,0,0,1
"X452",1.0,2.533195145054669,0.0,1
"X453",0,0,0,1
"X454",0,0,0,1
"X455",1.0,-1.12144358506162,0.0,1
"X456",0,0,0,1
"X457",0,0,0,1
"X458",0,0,0,1
"X459",1.0,-2.695430740933287,0.0,1
"X460",1.0,-0.6993002955764988,0.0,1
"X461",1.0,-2.695430740933287,0.0,1
"X462",0,0,0,1
"X463",0,0,0,1
"X464",0,0,0,1
"X465",0,0,0,1
"X466",0,0,0,1
"X467",1.0,-1.12144358506162,0.0,1
"X468",0,0,0,1
"X469",0,0,0,1
"X470",1.0,-4.822885361732279,0.0,1
"X471",1.0,-4.097664300425352,0.0,1
"X472",1.0,-0.9043806155569224,0.0,1
"X473",0,0,0,1
"X474",0,0,0,1
"X475",0,0,0,1
"X476",1.0,-1.3552961800101198,0.0,1
"X477",1.0,-0.3749037795887351,0.0,1
"X478",0,0,0,1
"X479",0,0,0,1
"X480",0,0,0,1
"X481",0,0,0,1
"X482",0,0,0,1
"X483",0,0,0,1
"X484",0,0,0,1
"X485",1.0,2.87868404016227,0.0,1
"X486",0,0,0,1
"X487",0,0,0,1
"X488",0,0,0,1
"X489",1.0,-1.12144358506162,0.0,1
"X490",0,0,0,1
"X491",1.0,-4.097664300425352,0.0,1
"X492",0,0,0,1
"X493",0,0,0,1
"X494",0,0,0,1
"X495",1.0,-4.822885361732279,0.0,1
"X496",0,0,0,1
"X497",1.0,-2.878580263701729,0.0,1
"X498",0,0,0,1
"X499",0,0,0,1
"X500",0,0,0,1
"X501",0,0,0,1
"X502",0,0,0,1
"X503",1.0,-2.695430740933287,0.0,1
"X504",0,0,0,1
"X505",1.0,-3.6611581873099777,0.0,1
"X506",1.0,-3.6611581873099777,0.0,1
"X507",0,0,0,1
"X508",1.0,-2.878580263701729,0.0,1
"X509",0,0,0,1
"X510",0,0,0,1
"X511",0,0,0,1
"X512",0,0,0,1
"X513",0,0,0,1
"X514",0,0,0,1
"X515",0,0,0,1
"X516",1.0,-2.386784806485429,0.0,1
"X517",0,0,0,1
"X518",0,0,0,1
"X519",0,0,0,1
"X520",0,0,0,1
"X521",0,0,0,1
"X522",0,0,0,1
"X523",0,0,0,1
"X524",0,0,0,1
"X525",1.0,3.0903846663042165,0.0,1
"X526",1.0,-3.3431441748572746,0.0,1
"X527",1.0,-4.822885361732279,0.0,1
"X528",0,0,0,1
"X529",0,0,0,1
"X530",1.0,-2.129311739126499,0.0,1
"X531",0,0,0,1
"X532",1.0,-3.3431441748572746,0.0,1
"X533",1.0,-4.097664300425352,0.0,1
"X534",0,0,0,1
"X535",0,0,0,1
"X536",0,0,0,1
"X537",0,0,0,1
"X538",1.0,-0.3749037795887351,0.0,1
"X539",0,0,0,1
"X540",1.0,2.014063539505137,0.0,1
"X541",1.0,-4.097664300425352,0.0,1
"X542",1.0,1.197275159347542,0.0,1
"X543",0,0,0,1
"X544",0,0,0,1
"X545",0,0,0,1
"X546",1.0,2.6955217695848543,0.0,1
"X547",0,0,0,1
"X548",1.0,1.8033135919734264,0.0,1
"X549",0,0,0,1
"X550",1.0,-3.09026295835069,0.0,1
"X551",0,0,0,1
"X552",0,0,0,1
"X553",1.0,-0.8348673594633678,0.0,1
"X554",1.0,-1.6129899942528971,0.0,1
"X555",0,0,0,1
"X556",0,0,0,1
"X557",0,0,0,1
"X558",1.0,-1.523860730777484,0.0,1
"X559",1.0,-3.09026295835069,0.0,1
"X560",1.0,4.097946616206407,0.0,1
"X561",1.0,4.823432817144997,0.0,1
"X562",1.0,0.1864754769126719,0.0,1
"X563",0,0,0,1
"X564",0,0,0,1
"X565",0,0,0,1
"X566",0,0,0,1
"X567",1.0,-3.09026295835069,0.0,1
"X568",0,0,0,1
"X569",0,0,0,1
"X570",1.0,-2.014004369083428,0.0,1
"X571",0,0,0,1
"X572",1.0,2.533195145054669,0.0,1
"X573",0,0,0,1
"X574",0,0,0,1
"X575",1.0,-2.533113746612221,0.0,1
"X576",1.0,-0.0620510936195255,0.0,1
"X577",1.0,-3.3431441748572746,0.0,1
"X578",1.0,-2.252970841642405,0.0,1
"X579",0,0,0,1
"X580",1.0,-0.5674731624921363,0.0,1
"X581",1.0,8.29894493036975e-06,0.0,1
"X582",1.0,0.2489842403555776,0.0,1
"X583",0,0,0,1
"X584",0,0,0,1
"X585",0,0,0,1
"X586",1.0,0.062084012080845,0.0,1
"X587",0,0,0,1
"X588",0,0,0,1
"X589",0,0,0,1
"X590",0,0,0,1
"X591",0,0,0,1
"X592",1.0,-4.822885361732279,0.0,1
"X593",0,0,0,1
"X594",0,0,0,1
"X595",1.0,-3.6611581873099777,0.0,1
"X596",1.0,-3.6611581873099777,0.0,1
"X597",0,0,0,1
"X598",0,0,0,1
"X599",1.0,0.9044177870986048,0.0,1
"X600",0,0,0,1
"X601",1.0,-4.097664300425352,0.0,1
"X602",0,0,0,1
"X603",0,0,0,1
"X604",0,0,0,1
"X605",1.0,-1.2751015699768815,0.0,1
"X606",1.0,-3.3431441748572746,0.0,1
"X607",0,0,0,1
"X608",1.0,-0.1864424038267554,0.0,1
"X609",1.0,-4.097664300425352,0.0,1
"X610",0,0,0,1
"X611",1.0,0.1864754769126719,0.0,1
"X612",1.0,1.2751434360598737,0.0,1
"X613",0,0,0,1
"X614",0,0,0,1
"X615",0,0,0,1
"X616",1.0,-4.822885361732279,0.0,1
"X617",0,0,0,1
"X618",0,0,0,1
"X619",1.0,-2.252970841642405,0.0,1
"X620",1.0,-2.878580263701729,0.0,1
"X621",0,0,0,1
"X622",0,0,0,1
"X623",0,0,0,1
"X624",1.0,-3.09026295835069,0.0,1
"X625",1.0,0.9752367415778332,0.0,1
"X626",0,0,0,1
"X627",1.0,1.7059872409890338,0.0,1
"X628",1.0,-0.3749037795887351,0.0,1
"X629",0,0,0,1
"X630",0,0,0,1
"X631",0,0,0,1
"X632",1.0,-0.3117416214186919,0.0,1
"X633",0,0,0,1
"X634",0,0,0,1
"X635",0,0,0,1
"X636",1.0,-0.9751988264163218,0.0,1
"X637",0,0,0,1
"X638",0,0,0,1
"X639",1.0,8.29894493036975e-06,0.0,1
"X640",0,0,0,1
"X641",1.0,-2.878580263701729,0.0,1
"X642",1.0,-3.3431441748572746,0.0,1
"X643",0,0,0,1
"X644",1.0,0.1242155454010714,0.0,1
"X645",0,0,0,1
"X646",1.0,-2.014004369083428,0.0,1
"X647",0,0,0,1
"X648",0,0,0,1
"X649",1.0,-2.695430740933287,0.0,1
"X650",1.0,-2.695430740933287,0.0,1
"X651",0,0,0,1
"X652",1.0,-0.3749037795887351,0.0,1
"X653",1.0,-1.12144358506162,0.0,1
"X654",0,0,0,1
"X655",1.0,-1.4381239910015204,0.0,1
"X656",0,0,0,1
"X657",0,0,0,1
"X658",0,0,0,1
"X659",1.0,2.87868404016227,0.0,1
"X660",1.0,-0.3749037795887351,0.0,1
"X661",0,0,0,1
"X662",1.0,-0.9043806155569224,0.0,1
"X663",0,0,0,1
"X664",0,0,0,1
"X665",0,0,0,1
"X666",1.0,-2.014004369083428,0.0,1
"X667",1.0,-0.6329714140779115,0.0,1
"X668",0,0,0,1
"X669",0,0,0,1
"X670",1.0,0.1864754769126719,0.0,1
"X671",1.0,-4.097664300425352,0.0,1
"X672",1.0,-4.097664300425352,0.0,1
"X673",0,0,0,1
"X674",1.0,1.5239070513549564,0.0,1
"X675",0,0,0,1
"X676",0,0,0,1
"X677",0,0,0,1
"X678",1.0,-0.3749037795887351,0.0,1
"X679",1.0,1.8033135919734264,0.0,1
"X680",0,0,0,1
"X681",1.0,-2.386784806485429,0.0,1
"X682",0,0,0,1
"X683",0,0,0,1
"X684",0,0,0,1
"X685",0,0,0,1
"X686",0,0,0,1
"X687",0,0,0,1
"X688",0,0,0,1
"X689",0,0,0,1
"X690",0,0,0,1
"X691",1.0,1.9057178701716293,0.0,1
"X692",0,0,0,1
"X693",0,0,0,1
"X694",0,0,0,1
"X695",0,0,0,1
"X696",0,0,0,1
"X697",0,0,0,1
"X698",0,0,0,1
"X699",1.0,-0.5026985970282809,0.0,1
"X700",1.0,0.1242155454010714,0.0,1
"X701",1.0,1.9057178701716293,0.0,1
"X702",0,0,0,1
"X703",0,0,0,1
"X704",0,0,0,1
"X705",0,0,0,1
"X706",0,0,0,1
"X707",0,0,0,1
"X708",0,0,0,1
"X709",0,0,0,1
"X710",0,0,0,1
"X711",0,0,0,1
"X712",0,0,0,1
"X713",0,0,0,1
"X714",1.0,-3.6611581873099777,0.0,1
"X715",0,0,0,1
"X716",0,0,0,1
"X717",0,0,0,1
"X718",0,0,0,1
"X719",1.0,-4.097664300425352,0.0,1
"X720",0,0,0,1
"X721",1.0,-4.822885361732279,0.0,1
"X722",0,0,0,1
"X723",0,0,0,1
"X724",0,0,0,1
"X725",1.0,-1.6129899942528971,0.0,1
"X726",1.0,-2.878580263701729,0.0,1
"X727",0,0,0,1
"X728",0,0,0,1
"X729",0,0,0,1
"X730",1.0,4.823432817144997,0.0,1
"X731",1.0,-1.3552961800101198,0.0,1
"X732",1.0,0.6993356893334908,0.0,1
"X733",0,0,0,1
"X734",0,0,0,1
"X735",1.0,-3.3431441748572746,0.0,1
"X736",1.0,1.2751434360598737,0.0,1
"X737",1.0,-0.1864424038267554,0.0,1
"X738",1.0,0.2489842403555776,0.0,1
"X739",1.0,8.29894493036975e-06,0.0,1
"X740",1.0,-2.878580263701729,0.0,1
"X741",1.0,-3.3431441748572746,0.0,1
"X742",0,0,0,1
"X743",0,0,0,1
"X744",1.0,0.4385479048207877,0.0,1
"X745",1.0,-1.705936876318468,0.0,1
"X746",1.0,-1.4381239910015204,0.0,1
"X747",0,0,0,1
"X748",1.0,3.0903846663042165,0.0,1
"X749",0,0,0,1
"X750",0,0,0,1
"X751",1.0,-2.533113746612221,0.0,1
"X752",1.0,-3.6611581873099777,0.0,1
"X753",1.0,0.8349038623017703,0.0,1
"X754",0,0,0,1
"X755",1.0,0.5027327569714706,0.0,1
"X756",1.0,-0.1864424038267554,0.0,1
"X757",0,0,0,1
"X758",0,0,0,1
"X759",1.0,0.6993356893334908,0.0,1
"X760",0,0,0,1
"X761",0,0,0,1
"X762",0,0,0,1
"X763",1.0,-4.097664300425352,0.0,1
"X764",0,0,0,1
"X765",0,0,0,1
"X766",0,0,0,1
"X767",0,0,0,1
"X768",1.0,1.121483247524807,0.0,1
"X769",0,0,0,1
"X770",1.0,-2.129311739126499,0.0,1
"X771",1.0,-2.878580263701729,0.0,1
"X772",1.0,-3.3431441748572746,0.0,1
"X773",0,0,0,1
"X774",0,0,0,1
"X775",1.0,-4.822885361732279,0.0,1
"X776",0,0,0,1
"X777",0,0,0,1
"X778",1.0,-4.097664300425352,0.0,1
"X779",1.0,-3.09026295835069,0.0,1
"X780",0,0,0,1
"X781",0,0,0,1
"X782",0,0,0,1
"X783",1.0,-0.438514051900237,0.0,1
"X784",0,0,0,1
"X785",0,0,0,1
"X786",0,0,0,1
"X787",0,0,0,1
"X788",1.0,-1.4381239910015204,0.0,1
"X789",1.0,-2.386784806485429,0.0,1
"X790",1.0,4.823432817144997,0.0,1
"X791",0,0,0,1
"X792",1.0,-0.6329714140779115,0.0,1
"X793",1.0,-2.878580263701729,0.0,1
"X794",0,0,0,1
"X795",0,0,0,1
"X796",1.0,2.6955217695848543,0.0,1
"X797",0,0,0,1
"X798",1.0,-1.6129899942528971,0.0,1
"X799",1.0,1.4381686382884122,0.0,1
"X800",0,0,0,1
"X801",1.0,-1.8032607262031888,0.0,1
"X802",0,0,0,1
"X803",0,0,0,1
"X804",0,0,0,1
"X805",0,0,0,1
"X806",0,0,0,1
"X807",0,0,0,1
"X808",0,0,0,1
"X809",0,0,0,1
"X810",0,0,0,1
"X811",0,0,0,1
"X812",1.0,-4.097664300425352,0.0,1
"X813",0,0,0,1
"X814",1.0,-3.6611581873099777,0.0,1
"X815",0,0,0,1
"X816",0,0,0,1
"X817",1.0,3.343292564126404,0.0,1
"X818",1.0,-4.097664300425352,0.0,1
"X819",0,0,0,1
"X820",1.0,-3.09026295835069,0.0,1
"X821",1.0,-4.097664300425352,0.0,1
"X822",1.0,0.3749373704712672,0.0,1
"X823",1.0,-2.386784806485429,0.0,1
"X824",1.0,-0.438514051900237,0.0,1
"X825",0,0,0,1
"X826",0,0,0,1
"X827",0,0,0,1
"X828",1.0,-2.129311739126499,0.0,1
"X829",1.0,-1.1972344577078573,0.0,1
"X830",1.0,1.7059872409890338,0.0,1
"X831",0,0,0,1
"X832",0,0,0,1
"X833",1.0,-0.5026985970282809,0.0,1
"X834",0,0,0,1
"X835",1.0,-2.386784806485429,0.0,1
"X836",0,0,0,1
"X837",0,0,0,1
"X838",0,0,0,1
"X839",1.0,-3.3431441748572746,0.0,1
"X840",1.0,-1.2751015699768815,0.0,1
"X841",0,0,0,1
"X842",1.0,0.5027327569714706,0.0,1
"X843",0,0,0,1
"X844",1.0,-4.097664300425352,0.0,1
"X845",1.0,-1.705936876318468,0.0,1
"X846",1.0,-1.2751015699768815,0.0,1
"X847",1.0,-3.09026295835069,0.0,1
"X848",1.0,-1.3552961800101198,0.0,1
"X849",0,0,0,1
"X850",0,0,0,1
"X851",1.0,-2.878580263701729,0.0,1
"X852",0,0,0,1
"X853",1.0,0.6330063436479828,0.0,1
"X854",1.0,0.5027327569714706,0.0,1
"X855",1.0,-0.8348673594633678,0.0,1
"X856",0,0,0,1
"X857",1.0,-2.695430740933287,0.0,1
"X858",0,0,0,1
"X859",1.0,-0.7665604222032528,0.0,1
"X860",1.0,-1.9056621071661968,0.0,1
"X861",1.0,-0.6329714140779115,0.0,1
"X862",1.0,0.8349038623017703,0.0,1
"X863",0,0,0,1
"X864",1.0,1.5239070513549564,0.0,1
"X865",1.0,1.9057178701716293,0.0,1
"X866",1.0,-0.6993002955764988,0.0,1
"X867",1.0,0.3117749943138496,0.0,1
"X868",0,0,0,1
"X869",0,0,0,1
"X870",1.0,-4.097664300425352,0.0,1
"X871",1.0,-4.097664300425352,0.0,1
"X872",1.0,-1.8032607262031888,0.0,1
"X873",0,0,0,1
"X874",0,0,0,1
"X875",1.0,-2.386784806485429,0.0,1
"X876",0,0,0,1
"X877",0,0,0,1
"X878",1.0,2.533195145054669,0.0,1
"X879",0,0,0,1
"X880",0,0,0,1
"X881",0,0,0,1
"X882",0,0,0,1
"X883",0,0,0,1
"X884",0,0,0,1
"X885",1.0,1.197275159347542,0.0,1
"X886",1.0,-1.2751015699768815,0.0,1
"X887",0,0,0,1
"X888",0,0,0,1
"X889",1.0,-0.7665604222032528,0.0,1
"X890",1.0,-2.533113746612221,0.0,1
"X891",1.0,-2.386784806485429,0.0,1
"X892",1.0,3.661351092347876,0.0,1
"X893",0,0,0,1
"X894",0,0,0,1
"X895",0,0,0,1
"X896",1.0,-1.0474730703483612,0.0,1
"X897",0,0,0,1
"X898",0,0,0,1
"X899",0,0,0,1
"X900",0,0,0,1
"X901",1.0,1.355339352261043,0.0,1
"X902",1.0,2.253038904471939,0.0,1
"X903",1.0,-3.6611581873099777,0.0,1
"X904",0,0,0,1
"X905",1.0,-0.7665604222032528,0.0,1
"X906",1.0,4.097946616206407,0.0,1
"X907",0,0,0,1
"X908",0,0,0,1
"X909",0,0,0,1
"X910",0,0,0,1
"X911",0,0,0,1
"X912",1.0,0.5675076766286823,0.0,1
"X913",1.0,0.062084012080845,0.0,1
"X914",0,0,0,1
"X915",0,0,0,1
"X916",0,0,0,1
"X917",1.0,0.5675076766286823,0.0,1
"X918",0,0,0,1
"X919",1.0,-1.8032607262031888,0.0,1
"X920",0,0,0,1
